{
  "project_info": {
    "project_number": "35766600149",
    "firebase_url": "https://twa-app.firebaseio.com",
    "project_id": "twa-app",
    "storage_bucket": "twa-app.appspot.com"
  },
  "client": [
    {
      "client_info": {
        "mobilesdk_app_id": "1:35766600149:android:67a04cdabfee873c",
        "android_client_info": {
          "package_name": "com.native1"
        }
      },
      "oauth_client": [
        {
          "client_id": "35766600149-7tvk8afusq424lfrlfg2n9f8n29t37uf.apps.googleusercontent.com",
          "client_type": 3
        }
      ],
      "api_key": [
        {
          "current_key": "AIzaSyC-y3DWBQu3yujqplzALWtEJQPOhPnCIpA"
        }
      ],
      "services": {
        "analytics_service": {
          "status": 1
        },
        "appinvite_service": {
          "status": 1,
          "other_platform_oauth_client": []
        },
        "ads_service": {
          "status": 2
        }
      }
    }
  ],
  "configuration_version": "1"
}